<?xml version="1.0" encoding="UTF-8"?>
<!DOCTYPE mapper PUBLIC "-//mybatis.org//DTD Mapper 3.0//EN" "http://mybatis.org/dtd/mybatis-3-mapper.dtd">
<mapper namespace="com.hospital.dao.DoctorMapper">
  <resultMap id="BaseResultMap" type="com.hospital.entity.Doctor">
    <id column="id" jdbcType="INTEGER" property="id" />
    <result column="name" jdbcType="VARCHAR" property="name" />
    <result column="age" jdbcType="INTEGER" property="age" />
    <result column="sex" jdbcType="INTEGER" property="sex" />
    <result column="address" jdbcType="VARCHAR" property="address" />
    <result column="loginid" jdbcType="INTEGER" property="loginid" />
    <result column="department" jdbcType="VARCHAR" property="department" />
  </resultMap>
  <sql id="Base_Column_List">
    id, name, age, sex, address, loginid,department
  </sql>
  <select id="getAll" resultType="com.hospital.entity.Doctor">
    select * from doctor
    where 1=1
    <if test="name !='' and name !=null">
      and name like CONCAT('%', #{name}, '%')
    </if>
    <if test="certId !='' and certId !=null">
      and certId like CONCAT('%',#{certId},'%')
    </if>
    order by id
  </select>
  <select id="getDoctorByCertId" resultType="com.hospital.entity.Doctor" parameterType="String">
    select * from doctor where certId=#{certId}
  </select>
  <select id="getDoctorByDepartment" resultType="com.hospital.entity.Doctor" parameterType="String">
    select * from doctor where department=#{department}
  </select>
  <select id="getDoctorByName" resultType="com.hospital.entity.Doctor" parameterType="String">
    select * from doctor where name like concat('%',#{name},'%')
  </select>
  <select id="getDoctorByLoginId" resultType="com.hospital.entity.Doctor" parameterType="Integer">
    select * from doctor where loginid=#{loginid}
  </select>
  <select id="selectByPrimaryKey" parameterType="java.lang.Integer" resultType="com.hospital.entity.Doctor">
    select *
    from doctor
    where id = #{id,jdbcType=INTEGER}
  </select>
  <delete id="deleteByPrimaryKey" parameterType="java.lang.Integer">
    delete from doctor
    where id = #{id,jdbcType=INTEGER}
  </delete>
  <insert id="insert" parameterType="com.hospital.entity.Doctor">
    insert into doctor (id, name, age, 
      sex, address,department,
      loginid,certId,expert)
    values (#{id,jdbcType=INTEGER}, #{name,jdbcType=VARCHAR}, #{age,jdbcType=INTEGER}, 
      #{sex,jdbcType=INTEGER}, #{address,jdbcType=VARCHAR},
        #{department},#{loginid,jdbcType=INTEGER},#{certId},#{expert})
  </insert>
  <insert id="insertSelective" parameterType="com.hospital.entity.Doctor">
    insert into doctor
    <trim prefix="(" suffix=")" suffixOverrides=",">
      <if test="id != null">
        id,
      </if>
      <if test="name != null">
        name,
      </if>
      <if test="age != null">
        age,
      </if>
      <if test="sex != null">
        sex,
      </if>
      <if test="address != null">
        address,
      </if>
      <if test="loginid != null">
        loginid,
      </if>
    </trim>
    <trim prefix="values (" suffix=")" suffixOverrides=",">
      <if test="id != null">
        #{id,jdbcType=INTEGER},
      </if>
      <if test="name != null">
        #{name,jdbcType=VARCHAR},
      </if>
      <if test="age != null">
        #{age,jdbcType=INTEGER},
      </if>
      <if test="sex != null">
        #{sex,jdbcType=INTEGER},
      </if>
      <if test="address != null">
        #{address,jdbcType=VARCHAR},
      </if>
      <if test="loginid != null">
        #{loginid,jdbcType=INTEGER},
      </if>
    </trim>
  </insert>
  <update id="updateByPrimaryKeySelective" parameterType="com.hospital.entity.Doctor">
    update doctor
    <set>
      <if test="name != null">
        name = #{name,jdbcType=VARCHAR},
      </if>
      <if test="age != null">
        age = #{age,jdbcType=INTEGER},
      </if>
      <if test="sex != null">
        sex = #{sex,jdbcType=INTEGER},
      </if>
      <if test="address != null">
        address = #{address,jdbcType=VARCHAR},
      </if>
      <if test="loginid != null">
        loginid = #{loginid,jdbcType=INTEGER},
      </if>
    </set>
    where id = #{id,jdbcType=INTEGER}
  </update>
  <update id="updateByPrimaryKey" parameterType="com.hospital.entity.Doctor">
    update doctor
    set name = #{name,jdbcType=VARCHAR},
      age = #{age,jdbcType=INTEGER},
      sex = #{sex,jdbcType=INTEGER},
      address = #{address,jdbcType=VARCHAR},
      loginid = #{loginid,jdbcType=INTEGER},
      department=#{department},
      certId=#{certId},
      text=#{text},
      expert=#{expert}
    where id = #{id,jdbcType=INTEGER}
  </update>
</mapper>