<?xml version="1.0" encoding="UTF-8"?>
<!DOCTYPE mapper PUBLIC "-//mybatis.org//DTD Mapper 3.0//EN" "http://mybatis.org/dtd/mybatis-3-mapper.dtd">
<mapper namespace="com.hospital.dao.IllnessMapper">
    <select id="selectAll" resultType="com.hospital.entity.Illness" >
    select * from illness
  </select>
    <select id="getIllness" resultType="com.hospital.entity.Illness" parameterType="Integer">
    select * from illness where id=#{id}
  </select>
    <update id="updateById" parameterType="com.hospital.entity.Illness" >
    update illness set name=#{name},text=#{text} where id=#{id}
  </update>
    <delete id="deleteById" parameterType="java.lang.Integer">
    delete from illness
    where id = #{id}
  </delete>
    <insert id="insert" parameterType="com.hospital.entity.Illness">
    insert into illness (name, text)
    values (#{name},#{text})
  </insert>
  <select id="getIllnessByName" resultType="com.hospital.entity.Illness" parameterType="String">
    select * from illness where name like concat('%',#{name},'%')
  </select>
</mapper>